soc,title,grp,teleworkable,emp_2022,emp_2023,emp_2024,emp_2025,median_wage_2022,median_wage_2025,emp_change_pct_22_25,emp_change_pct_22_23,emp_change_pct_23_24,emp_change_pct_24_25,wage_change_pct_22_25,routine_R,polanyi_P,intelligence_I,F_comm,F_verif,kwdm_quadrant,aioe
11-1011,Chief Executives,11,1.0,199240.0,211230.0,211850.0,204350.0,189520.0,213990.0,2.5647,6.0179,0.2935,-3.5402,12.9116,-1.4071,2.3121,1.0311,0.8141,0.5924,IV,
11-1021,General and Operations Managers,11,1.0,3376680.0,3507810.0,3584420.0,3503020.0,98100.0,105770.0,3.7415,3.8834,2.184,-2.2709,7.8186,-1.3597,2.0007,0.4137,1.6579,0.9554,IV,0.5749
11-2011,Advertising and Promotions Managers,11,1.0,22010.0,20630.0,21100.0,21470.0,127830.0,133660.0,-2.4534,-6.2699,2.2782,1.7536,4.5607,-0.2101,0.2923,-0.0948,1.4802,-0.3073,III,1.2944
11-2021,Marketing Managers,11,1.0,328570.0,368940.0,384980.0,395240.0,140040.0,166790.0,20.291,12.2866,4.3476,2.6651,19.1017,-1.0432,1.1662,0.1094,1.2092,-0.2715,III,1.315
11-2022,Sales Managers,11,1.0,536390.0,575880.0,603710.0,637080.0,130600.0,148270.0,18.7718,7.3622,4.8326,5.5275,13.5299,-0.92,2.1274,0.2813,1.079,-0.9712,III,1.2663
11-3021,Computer and Information Systems Managers,11,1.0,533220.0,592600.0,645970.0,670570.0,164070.0,175140.0,25.7586,11.1361,9.0061,3.8082,6.7471,-0.5369,0.6589,0.7286,0.4374,0.4977,IV,1.0599
11-3031,Financial Managers,11,1.0,740780.0,787340.0,818620.0,841710.0,139790.0,166570.0,13.6248,6.2853,3.9729,2.8206,19.1573,-0.2593,0.2255,1.2202,1.0047,1.0671,IV,1.4462
11-3061,Purchasing Managers,11,1.0,75070.0,77530.0,81240.0,84320.0,131350.0,148080.0,12.3218,3.2769,4.7852,3.7912,12.737,-0.0898,1.7666,0.4864,0.6149,-0.0831,III,1.4234
11-3071,"Transportation, Storage, and Distribution Managers",11,1.0,169910.0,198780.0,213000.0,221180.0,98560.0,107230.0,30.1748,16.9913,7.1536,3.8404,8.7967,0.0297,1.534,0.5957,1.2508,0.5968,IV,0.8908
11-3111,Compensation and Benefits Managers,11,1.0,16850.0,18690.0,20070.0,22940.0,131280.0,149230.0,36.1424,10.9199,7.3836,14.3,13.6731,-0.2258,0.403,0.0164,0.1582,-0.4217,III,1.2982
11-3121,Human Resources Managers,11,1.0,181360.0,200600.0,215520.0,220660.0,130000.0,149280.0,21.6696,10.6087,7.4377,2.3849,14.8308,-0.1987,2.0557,0.9274,1.0075,0.4778,IV,1.3204
11-3131,Training and Development Managers,11,1.0,39550.0,41540.0,44960.0,48050.0,120000.0,133000.0,21.4918,5.0316,8.233,6.8728,10.8333,-0.7873,1.3584,0.4044,0.3831,-0.8782,III,1.2844
11-9032,"Education Administrators, Kindergarten through Secondary",11,1.0,285910.0,302580.0,319630.0,328330.0,101320.0,105870.0,14.8368,5.8305,5.6349,2.7219,4.4907,-0.8989,2.5941,1.7354,0.9603,-0.614,III,1.0488
11-9033,"Education Administrators, Postsecondary",11,1.0,167060.0,167270.0,176420.0,180470.0,99940.0,104590.0,8.0271,0.1257,5.4702,2.2957,4.6528,-1.561,1.3158,0.7786,1.0169,0.1926,IV,1.4611
11-9041,Architectural and Engineering Managers,11,1.0,197180.0,207800.0,210340.0,220260.0,159920.0,171270.0,11.705,5.3859,1.2223,4.7162,7.0973,-0.7239,0.5973,0.9971,0.6142,0.5179,IV,0.837
11-9111,Medical and Health Services Managers,11,1.0,476750.0,515100.0,565840.0,597080.0,104830.0,123860.0,25.2396,8.044,9.8505,5.521,18.1532,0.7325,2.1914,0.9209,0.9742,0.0026,IV,1.2603
11-9121,Natural Sciences Managers,11,1.0,82570.0,96520.0,100870.0,108690.0,144440.0,167220.0,31.6338,16.8948,4.5068,7.7526,15.7713,-0.0792,0.303,0.8522,-0.1274,0.4664,II,1.3279
11-9131,Postmasters and Mail Superintendents,11,1.0,13460.0,13810.0,13810.0,13810.0,82760.0,96660.0,2.6003,2.6003,0.0,0.0,16.7956,0.8634,1.8157,0.2055,2.3594,1.0726,IV,0.8234
11-9141,"Property, Real Estate, and Community Association Managers",11,1.0,261120.0,284120.0,296640.0,311180.0,60670.0,69990.0,19.1713,8.8082,4.4066,4.9016,15.3618,-0.347,1.1841,-0.2268,0.7255,0.2192,IV,1.2154
11-9151,Social and Community Service Managers,11,1.0,162880.0,173650.0,195490.0,209330.0,74240.0,80390.0,28.5179,6.6122,12.577,7.0796,8.2839,-0.2849,0.988,0.1842,1.2819,0.7951,IV,1.1562
11-9199,"Managers, All Other",11,1.0,543290.0,589750.0,630980.0,622190.0,128620.0,141900.0,14.5226,8.5516,6.9911,-1.3931,10.325,-0.3321,1.3103,0.5895,0.3253,0.2182,IV,0.9647
13-1011,"Agents and Business Managers of Artists, Performers, and Athletes",13,1.0,13130.0,12870.0,14220.0,12620.0,82530.0,82890.0,-3.8842,-1.9802,10.4895,-11.2518,0.4362,-0.5338,0.7174,-0.8146,1.46,-0.2654,III,1.0686
13-1031,"Claims Adjusters, Examiners, and Investigators",13,1.0,285270.0,293780.0,305020.0,324230.0,72230.0,78000.0,13.6572,2.9831,3.826,6.2979,7.9884,0.253,0.4317,0.815,0.8018,0.5401,IV,1.274
13-1041,Compliance Officers,13,1.0,359640.0,383620.0,397770.0,417070.0,71690.0,80730.0,15.9687,6.6678,3.6885,4.8521,12.6098,0.715,0.6034,0.6358,0.3656,0.5456,IV,0.6981
13-1051,Cost Estimators,13,1.0,225310.0,220970.0,219530.0,224220.0,71200.0,78740.0,-0.4838,-1.9262,-0.6517,2.1364,10.5899,0.5947,0.2943,0.9269,-0.9422,-0.3201,I,1.3677
13-1071,Human Resources Specialists,13,1.0,835360.0,895970.0,917460.0,912430.0,64240.0,75940.0,9.226,7.2556,2.3985,-0.5483,18.213,-0.165,0.4413,-0.3072,1.1629,0.328,IV,1.36
13-1075,Labor Relations Specialists,13,1.0,62200.0,62800.0,64590.0,64810.0,82010.0,95420.0,4.1961,0.9646,2.8503,0.3406,16.3517,-0.4889,1.7919,0.11,-0.1043,-0.0217,II,1.3348
13-1081,Logisticians,13,1.0,202970.0,228470.0,235640.0,251040.0,77520.0,82320.0,23.6833,12.5634,3.1383,6.5354,6.192,0.4161,0.2774,0.878,0.319,0.4073,IV,1.2973
13-1111,Management Analysts,13,1.0,808860.0,838140.0,893900.0,898280.0,95290.0,101860.0,11.0551,3.6199,6.6528,0.49,6.8947,-0.4587,1.3775,0.9185,0.3266,-0.2396,III,1.4324
13-1141,"Compensation, Benefits, and Job Analysis Specialists",13,1.0,93550.0,99850.0,102370.0,112380.0,67780.0,78210.0,20.1283,6.7344,2.5238,9.7783,15.388,0.93,-0.1283,0.0687,0.1669,-0.514,III,1.441
13-1151,Training and Development Specialists,13,1.0,367180.0,403480.0,436610.0,458300.0,63080.0,69280.0,24.8162,9.8862,8.2111,4.9678,9.8288,-0.6914,1.0257,0.0059,-0.3672,-0.9001,I,1.1984
13-1161,Market Research Analysts and Marketing Specialists,13,1.0,798620.0,846370.0,861140.0,899580.0,68230.0,78760.0,12.6418,5.9791,1.7451,4.4639,15.4331,-0.4924,-0.4632,1.1052,-1.2199,0.0833,II,1.4268
13-1199,"Business Operations Specialists, All Other",13,1.0,1081230.0,1103440.0,1128200.0,1087090.0,75990.0,83050.0,0.542,2.0541,2.2439,-3.6439,9.2907,-0.2459,0.4042,0.414,-0.4805,-0.2846,I,1.0477
13-2031,Budget Analysts,13,1.0,48430.0,47310.0,47170.0,47160.0,82260.0,91640.0,-2.6223,-2.3126,-0.2959,-0.0212,11.4029,0.3725,-0.9966,0.6832,0.9706,0.2035,IV,1.503
13-2041,Credit Analysts,13,1.0,71960.0,73200.0,67370.0,64390.0,78850.0,83510.0,-10.5197,1.7232,-7.9645,-4.4233,5.91,0.9644,-1.2,0.7416,-0.7463,-1.6239,I,1.3453
13-2052,Personal Financial Advisors,13,1.0,283060.0,272190.0,270480.0,266800.0,95390.0,105070.0,-5.7444,-3.8402,-0.6282,-1.3605,10.1478,-0.0473,0.7876,0.8142,-1.3145,-0.4539,I,1.4007
13-2053,Insurance Underwriters,13,1.0,105900.0,101310.0,107820.0,105420.0,76230.0,81370.0,-0.4533,-4.3343,6.4258,-2.2259,6.7428,0.1752,0.1015,0.1165,0.5248,0.5107,IV,1.3267
13-2061,Financial Examiners,13,1.0,63370.0,63440.0,62830.0,67830.0,82210.0,94160.0,7.038,0.1105,-0.9615,7.958,14.5359,1.1011,1.4635,1.242,0.4307,-0.0418,III,1.5261
13-2071,Credit Counselors,13,1.0,29090.0,27950.0,28110.0,27770.0,47320.0,52230.0,-4.5376,-3.9189,0.5725,-1.2095,10.3762,0.5983,-0.0255,0.101,-0.364,-0.0822,I,1.3854
13-2099,"Financial Specialists, All Other",13,1.0,127020.0,122730.0,127450.0,132130.0,73810.0,81100.0,4.023,-3.3774,3.8458,3.672,9.8767,0.3912,0.1319,1.1199,-0.459,0.4715,II,1.3614
15-1211,Computer Systems Analysts,15,,505210.0,498810.0,497800.0,519530.0,102240.0,105850.0,2.8345,-1.2668,-0.2025,4.3652,3.5309,0.1562,0.1037,0.9509,-0.0711,-0.1514,I,
15-1212,Information Security Analysts,15,,163690.0,175350.0,179430.0,190650.0,112000.0,129180.0,16.4702,7.1232,2.3268,6.2531,15.3393,0.3765,-0.7625,0.7829,-0.5872,0.2401,II,
15-1221,Computer and Information Research Scientists,15,,33780.0,35210.0,38480.0,37200.0,136620.0,140300.0,10.1243,4.2333,9.2871,-3.3264,2.6936,-0.3459,-0.7236,1.0637,-0.1108,0.5313,II,
15-1231,Computer Network Support Specialists,15,,168920.0,158720.0,146450.0,146190.0,68050.0,76220.0,-13.4561,-6.0384,-7.7306,-0.1775,12.0059,0.0591,-0.3997,-0.1737,0.7511,0.6893,IV,
15-1232,Computer User Support Specialists,15,,696830.0,689700.0,697210.0,717190.0,57890.0,61860.0,2.9218,-1.0232,1.0889,2.8657,6.8578,-0.5321,-0.9014,0.0788,0.2745,1.5415,IV,
15-1241,Computer Network Architects,15,,173920.0,174100.0,177010.0,179740.0,126900.0,134050.0,3.3464,0.1035,1.6715,1.5423,5.6344,0.4767,0.2728,0.19,-0.2365,0.486,II,
15-1242,Database Administrators,15,,80520.0,76140.0,73180.0,69990.0,99890.0,104620.0,-13.0775,-5.4396,-3.8876,-4.3591,4.7352,-0.3123,-0.9442,0.5097,-1.6915,1.9005,II,
15-1243,Database Architects,15,,62470.0,59920.0,64770.0,67140.0,134870.0,139500.0,7.4756,-4.082,8.0941,3.6591,3.4329,0.3706,-0.8115,0.6458,-1.4091,0.4773,II,
15-1244,Network and Computer Systems Administrators,15,,325930.0,323020.0,318570.0,314340.0,90520.0,99130.0,-3.556,-0.8928,-1.3776,-1.3278,9.5117,0.1906,-0.8359,0.1291,-0.3565,-0.3914,I,
15-1251,Computer Programmers,15,,132740.0,120370.0,109870.0,92230.0,97800.0,100390.0,-30.5183,-9.319,-8.7231,-16.0553,2.6483,1.6833,-1.1866,0.6254,-0.7802,-0.0515,I,
15-1252,Software Developers,15,,1534790.0,1656880.0,1654440.0,1687890.0,127260.0,135980.0,9.9753,7.9548,-0.1473,2.0218,6.8521,-0.1063,-1.3571,0.2386,-2.5768,0.5986,II,
15-1253,Software Quality Assurance Analysts and Testers,15,,196420.0,203040.0,199800.0,186740.0,99620.0,104300.0,-4.9282,3.3703,-1.5957,-6.5365,4.6979,0.5649,-0.7618,0.8859,-0.3826,0.6568,II,
15-1254,Web Developers,15,,88620.0,85350.0,78860.0,70190.0,78580.0,92650.0,-20.7967,-3.6899,-7.604,-10.9942,17.9053,0.4068,-0.921,-0.1502,-0.8939,1.228,II,
15-1255,Web and Digital Interface Designers,15,,97350.0,111060.0,111400.0,113330.0,83240.0,104000.0,16.415,14.0832,0.3061,1.7325,24.9399,0.5071,-0.3538,0.4834,0.0756,-1.3556,I,
15-1299,"Computer Occupations, All Other",15,,416320.0,437170.0,439380.0,435370.0,98740.0,116580.0,4.5758,5.0082,0.5055,-0.9126,18.0677,0.3951,-0.2383,0.4925,-0.6618,0.0496,II,
15-2011,Actuaries,15,1.0,25010.0,25470.0,28340.0,26670.0,113990.0,130000.0,6.6373,1.8393,11.2682,-5.8927,14.0451,0.7201,-0.4595,1.7214,-1.0487,0.0533,II,1.5165
15-2031,Operations Research Analysts,15,1.0,105080.0,117880.0,107760.0,108510.0,85720.0,88940.0,3.2642,12.1812,-8.585,0.696,3.7564,-0.0459,-1.1587,1.643,-1.4078,-0.9986,I,1.4
15-2041,Statisticians,15,1.0,30780.0,29950.0,29800.0,29030.0,98920.0,105650.0,-5.6855,-2.6966,-0.5008,-2.5839,6.8035,-0.2366,-1.1276,1.6274,-1.5095,0.3505,II,1.3827
15-2051,Data Scientists,15,,159630.0,192710.0,233440.0,262440.0,103500.0,120230.0,64.4052,20.7229,21.1354,12.4229,16.1643,0.3084,-0.6494,1.1486,-1.1378,-0.4519,I,
17-1011,"Architects, Except Landscape and Naval",17,1.0,107490.0,111170.0,111140.0,106770.0,82840.0,99280.0,-0.6698,3.4236,-0.027,-3.932,19.8455,0.6497,0.7008,0.8478,0.1552,0.66,IV,1.0471
17-1012,Landscape Architects,17,1.0,18120.0,20370.0,19580.0,19600.0,73210.0,79870.0,8.1678,12.4172,-3.8783,0.1021,9.0971,0.4838,0.7171,0.408,-0.4018,-0.0949,I,1.0344
17-1021,Cartographers and Photogrammetrists,17,1.0,13270.0,12330.0,12790.0,14260.0,71890.0,81390.0,7.4604,-7.0836,3.7307,11.4934,13.2146,0.51,-1.0031,0.0296,-0.045,0.8618,II,0.817
17-1022,Surveyors,17,1.0,47770.0,50740.0,53080.0,50830.0,63080.0,75440.0,6.4057,6.2173,4.6117,-4.2389,19.5942,0.7765,-0.3858,1.2384,-0.4777,1.798,II,0.1461
17-2011,Aerospace Engineers,17,1.0,61580.0,66660.0,68440.0,67710.0,126880.0,134960.0,9.9545,8.2494,2.6703,-1.0666,6.3682,-0.5775,-0.1276,1.437,-0.1672,0.8977,II,1.3387
17-2031,Bioengineers and Biomedical Engineers,17,1.0,19210.0,19320.0,21860.0,23480.0,99550.0,109370.0,22.228,0.5726,13.147,7.4108,9.8644,-0.0588,-0.3608,1.3436,-1.3558,0.2401,II,0.9874
17-2051,Civil Engineers,17,1.0,307570.0,327950.0,355410.0,367840.0,89940.0,100840.0,19.5955,6.6261,8.3732,3.4974,12.1192,0.3704,0.3354,1.1278,0.1036,0.6243,IV,1.2829
17-2061,Computer Hardware Engineers,17,1.0,74640.0,82660.0,75710.0,76660.0,132360.0,161740.0,2.7063,10.7449,-8.4079,1.2548,22.197,0.0411,-0.7732,1.0463,-1.0636,0.8264,II,1.1418
17-2071,Electrical Engineers,17,1.0,182210.0,185430.0,188790.0,198750.0,103320.0,120630.0,9.0774,1.7672,1.812,5.2757,16.7538,-0.4658,0.0295,1.1336,0.4915,0.5589,IV,1.1267
17-2072,"Electronics Engineers, Except Computer",17,1.0,106640.0,96410.0,93940.0,96900.0,108170.0,130220.0,-9.1335,-9.593,-2.562,3.1509,20.3846,-0.5423,-0.1927,0.7096,-0.6798,0.786,II,0.6655
17-2081,Environmental Engineers,17,1.0,45440.0,39880.0,37950.0,38340.0,96530.0,107110.0,-15.625,-12.2359,-4.8395,1.0277,10.9603,0.2801,0.3622,0.7922,-0.5703,-0.0312,II,1.3436
17-2111,"Health and Safety Engineers, Except Mining Safety Engineers and Inspectors",17,1.0,21520.0,22510.0,23220.0,21450.0,100660.0,115160.0,-0.3253,4.6004,3.1542,-7.6227,14.4049,-0.1418,0.4188,0.6484,-0.256,0.7376,II,0.9949
17-2112,Industrial Engineers,17,1.0,321400.0,332870.0,350230.0,365740.0,96350.0,102440.0,13.7959,3.5688,5.2152,4.4285,6.3207,-0.3153,-0.1713,0.9711,-0.108,0.4086,II,1.1379
17-2141,Mechanical Engineers,17,1.0,277560.0,281290.0,286760.0,296810.0,96310.0,104110.0,6.9354,1.3439,1.9446,3.5047,8.0988,-0.0724,-0.1978,0.9969,-0.4734,0.2676,II,1.0047
17-2171,Petroleum Engineers,17,1.0,20540.0,20390.0,18970.0,18060.0,131800.0,144910.0,-12.074,-0.7303,-6.9642,-4.797,9.9469,-0.3248,0.5872,1.0511,1.0426,-1.5048,III,1.2478
17-2199,"Engineers, All Other",17,1.0,150420.0,150990.0,150750.0,154070.0,104600.0,122930.0,2.4265,0.3789,-0.159,2.2023,17.5239,-0.2058,-0.2975,0.8515,-0.5259,0.682,II,0.7876
17-3012,Electrical and Electronics Drafters,17,1.0,20930.0,20680.0,20020.0,17920.0,64240.0,76870.0,-14.3813,-1.1945,-3.1915,-10.4895,19.6606,1.1564,-1.0492,-0.3924,0.0756,0.4295,II,0.9102
17-3013,Mechanical Drafters,17,1.0,47540.0,44850.0,39900.0,39960.0,61310.0,71550.0,-15.9445,-5.6584,-11.0368,0.1504,16.702,-0.2727,-1.3682,-1.2531,-1.07,0.5484,II,0.841
17-3022,Civil Engineering Technologists and Technicians,17,1.0,62350.0,63560.0,62130.0,68520.0,59630.0,64950.0,9.8957,1.9407,-2.2498,10.2849,8.9217,0.8143,-0.2298,0.3462,0.5838,0.9066,IV,0.9323
19-1013,Soil and Plant Scientists,19,1.0,16010.0,15800.0,16600.0,15730.0,65730.0,78850.0,-1.7489,-1.3117,5.0633,-5.241,19.9604,-0.5531,-0.408,1.1442,-1.3457,0.2315,II,0.6321
19-1023,Zoologists and Wildlife Biologists,19,1.0,17410.0,17100.0,16920.0,18120.0,67430.0,76780.0,4.0781,-1.7806,-1.0526,7.0922,13.8662,0.1474,0.9927,0.7684,-0.2977,0.318,II,0.3176
19-1029,"Biological Scientists, All Other",19,1.0,55300.0,61220.0,59710.0,55850.0,87300.0,98920.0,0.9946,10.7052,-2.4665,-6.4646,13.3104,-0.6275,-0.0114,1.7353,-1.1869,0.3546,II,1.0102
19-1031,Conservation Scientists,19,1.0,22880.0,22790.0,25590.0,25950.0,64460.0,73010.0,13.4178,-0.3934,12.2861,1.4068,13.264,0.0307,0.6245,0.0829,-0.7024,-1.0395,I,0.069
19-1042,"Medical Scientists, Except Epidemiologists",19,1.0,110550.0,136620.0,156300.0,172340.0,99930.0,103410.0,55.8933,23.5821,14.4049,10.2623,3.4824,0.2138,-0.1084,1.1486,0.6022,1.7146,IV,1.2799
19-2012,Physicists,19,1.0,18840.0,18350.0,21340.0,20430.0,142850.0,172250.0,8.4395,-2.6008,16.2943,-4.2643,20.581,-1.3094,-0.6261,1.8346,-2.2694,-1.1836,I,1.3457
19-2041,"Environmental Scientists and Specialists, Including Health",19,1.0,77270.0,80730.0,84930.0,89250.0,76480.0,82220.0,15.5041,4.4778,5.2025,5.0865,7.5052,-0.4119,-0.0365,1.0059,-0.9023,-0.8104,I,1.0141
19-2042,"Geoscientists, Except Hydrologists and Geographers",19,1.0,25230.0,24620.0,22510.0,23470.0,87480.0,101920.0,-6.9758,-2.4178,-8.5703,4.2648,16.5066,-0.158,-0.2379,1.4074,-1.3581,-0.2659,I,0.7143
19-2099,"Physical Scientists, All Other",19,1.0,19820.0,20820.0,22580.0,22300.0,107970.0,122570.0,12.5126,5.0454,8.4534,-1.24,13.5223,0.2151,-0.4741,1.5959,-1.6482,0.5215,II,1.1402
19-3011,Economists,19,1.0,16370.0,16420.0,15880.0,17790.0,113940.0,124720.0,8.6744,0.3054,-3.2887,12.0277,9.4611,-1.5022,-1.5943,1.2678,-2.6484,-0.0335,I,1.4038
19-3039,"Psychologists, All Other",19,1.0,13900.0,14480.0,17790.0,18820.0,106420.0,110840.0,35.3957,4.1727,22.8591,5.7898,4.1534,-1.1201,0.745,1.896,-0.2144,1.0455,II,1.3899
19-3099,"Social Scientists and Related Workers, All Other",19,1.0,33210.0,35210.0,36970.0,37100.0,88900.0,101110.0,11.7133,6.0223,4.9986,0.3516,13.7345,-0.0019,0.1863,1.0047,-0.8241,-0.778,I,1.328
19-4061,Social Science Research Assistants,19,1.0,28720.0,30890.0,32940.0,30640.0,50470.0,61990.0,6.6852,7.5557,6.6365,-6.9824,22.8254,1.0159,-1.4472,0.4686,-2.3492,-0.9425,I,1.2047
19-4099,"Life, Physical, and Social Science Technicians, All Other",19,1.0,70770.0,72230.0,71400.0,73910.0,50290.0,62280.0,4.4369,2.063,-1.1491,3.5154,23.8417,0.9718,-1.1841,0.1397,-0.7991,1.2093,II,0.4501
21-1012,"Educational, Guidance, and Career Counselors and Advisors",21,1.0,308000.0,327660.0,342350.0,353310.0,60140.0,64330.0,14.711,6.3831,4.4833,3.2014,6.9671,0.3491,1.075,0.3389,1.3424,-0.4606,III,0.9739
21-1013,Marriage and Family Therapists,21,1.0,62080.0,63340.0,65870.0,66740.0,56570.0,66940.0,7.5064,2.0296,3.9943,1.3208,18.3313,-1.1612,0.9083,-0.1164,1.1884,-1.416,III,1.3674
21-1015,Rehabilitation Counselors,21,1.0,82420.0,84750.0,88930.0,94740.0,39990.0,46850.0,14.9478,2.827,4.9322,6.5332,17.1543,0.3711,0.9932,-0.2868,1.0349,-0.0797,III,0.5025
21-1092,Probation Officers and Correctional Treatment Specialists,21,1.0,89920.0,85870.0,86820.0,89390.0,59860.0,66270.0,-0.5894,-4.504,1.1063,2.9601,10.7083,0.7087,0.8676,-0.212,1.2404,1.1719,IV,0.5272
21-2011,Clergy,21,1.0,53140.0,56640.0,58080.0,57200.0,55550.0,60810.0,7.6402,6.5864,2.5424,-1.5152,9.4689,-0.8701,1.6744,-0.361,0.4871,0.1502,IV,1.2826
21-2021,"Directors, Religious Activities and Education",21,1.0,24030.0,23270.0,21460.0,22160.0,49380.0,52100.0,-7.7819,-3.1627,-7.7783,3.2619,5.5083,-2.4869,1.4462,-0.4759,-1.7046,-3.2066,I,1.2109
23-1011,Lawyers,23,1.0,707160.0,731340.0,747750.0,754500.0,135740.0,159670.0,6.6944,3.4193,2.2438,0.9027,17.6293,-1.3922,1.7661,1.237,0.2911,1.1333,IV,1.3288
23-1012,Judicial Law Clerks,23,1.0,15540.0,14680.0,13220.0,13290.0,57490.0,64920.0,-14.4788,-5.5341,-9.9455,0.5295,12.924,1.0586,-2.0061,0.9676,-0.1083,-0.2914,I,1.463
23-1021,"Administrative Law Judges, Adjudicators, and Hearing Officers",23,1.0,12490.0,14670.0,16230.0,16370.0,94990.0,117860.0,31.0649,17.454,10.6339,0.8626,24.0762,-0.026,-0.1075,0.9191,0.2456,0.2812,IV,1.3747
23-2011,Paralegals and Legal Assistants,23,1.0,345240.0,354890.0,367220.0,392880.0,59200.0,62890.0,13.7991,2.7952,3.4743,6.9876,6.2331,0.3704,-0.9102,-0.6287,0.7835,0.0937,IV,1.2921
23-2093,"Title Examiners, Abstractors, and Searchers",23,1.0,53680.0,49760.0,48170.0,48580.0,50490.0,58650.0,-9.5007,-7.3025,-3.1953,0.8512,16.1616,-0.4283,-0.9666,-0.236,0.4321,1.1956,IV,1.28
25-1011,"Business Teachers, Postsecondary",25,1.0,78410.0,82980.0,81780.0,82150.0,88790.0,99080.0,4.7698,5.8283,-1.4461,0.4524,11.5891,-1.5641,-0.9761,0.3311,-1.2223,-1.4843,I,1.3493
25-1021,"Computer Science Teachers, Postsecondary",25,1.0,33870.0,36150.0,36240.0,35480.0,84760.0,96980.0,4.7535,6.7316,0.249,-2.0971,14.4172,-1.5975,-0.1275,0.8023,0.327,-0.7588,III,1.2778
25-1022,"Mathematical Science Teachers, Postsecondary",25,1.0,46560.0,48230.0,48820.0,47670.0,77420.0,79940.0,2.384,3.5868,1.2233,-2.3556,3.255,-0.3167,-0.8808,0.5003,-0.6554,-0.3146,I,1.3387
25-1032,"Engineering Teachers, Postsecondary",25,1.0,36010.0,38370.0,39910.0,40270.0,103550.0,109270.0,11.83,6.5537,4.0136,0.902,5.5239,-1.5591,-0.213,1.1159,-0.7263,-0.5656,I,1.3511
25-1042,"Biological Science Teachers, Postsecondary",25,1.0,49920.0,52050.0,53250.0,50190.0,81650.0,84620.0,0.5409,4.2668,2.3055,-5.7465,3.6375,-2.0004,-1.1771,1.0622,0.7183,0.7204,IV,1.2277
25-1051,"Atmospheric, Earth, Marine, and Space Sciences Teachers, Postsecondary",25,1.0,11150.0,11770.0,11480.0,9900.0,97770.0,103170.0,-11.2108,5.5605,-2.4639,-13.7631,5.5232,-1.3568,-0.3116,0.7086,-0.5869,0.0691,II,1.3062
25-1054,"Physics Teachers, Postsecondary",25,1.0,12860.0,14030.0,13590.0,13090.0,86550.0,100310.0,1.7885,9.098,-3.1361,-3.6792,15.8983,-1.924,-0.6967,0.7619,-0.802,-1.1137,I,1.0442
25-1063,"Economics Teachers, Postsecondary",25,1.0,11640.0,12210.0,12420.0,11560.0,103930.0,123920.0,-0.6873,4.8969,1.7199,-6.9243,19.2341,-1.8173,-1.661,0.4438,-1.4377,-1.2221,I,1.319
25-1065,"Political Science Teachers, Postsecondary",25,1.0,15190.0,17090.0,17170.0,16970.0,83770.0,98070.0,11.7182,12.5082,0.4681,-1.1648,17.0706,-1.9793,-0.7517,0.028,-0.5846,-1.5714,I,1.3684
25-1066,"Psychology Teachers, Postsecondary",25,1.0,40050.0,40610.0,41610.0,41530.0,78810.0,80340.0,3.6954,1.3983,2.4624,-0.1923,1.9414,-1.466,0.1381,0.4213,-0.3506,-0.5124,I,1.3337
25-1067,"Sociology Teachers, Postsecondary",25,1.0,12030.0,12870.0,12380.0,11850.0,78970.0,84290.0,-1.4963,6.9825,-3.8073,-4.2811,6.7367,-1.4389,-0.1391,0.6606,-0.6895,-0.9799,I,1.3492
25-1071,"Health Specialties Teachers, Postsecondary",25,1.0,207700.0,225360.0,229720.0,221270.0,100300.0,107310.0,6.5335,8.5026,1.9347,-3.6784,6.989,-1.8637,0.214,0.2775,0.9114,0.6539,IV,0.9248
25-1072,"Nursing Instructors and Teachers, Postsecondary",25,1.0,69190.0,72700.0,74250.0,77960.0,78580.0,80250.0,12.6752,5.073,2.132,4.9966,2.1252,0.0847,1.0775,0.726,0.7812,1.4471,IV,0.5171
25-1081,"Education Teachers, Postsecondary",25,1.0,58280.0,60860.0,59090.0,60830.0,66930.0,75350.0,4.3754,4.4269,-2.9083,2.9447,12.5803,-1.2621,-0.2161,0.0849,0.437,0.6288,IV,1.193
25-1111,"Criminal Justice and Law Enforcement Teachers, Postsecondary",25,1.0,13900.0,13390.0,13560.0,13150.0,64990.0,76590.0,-5.3957,-3.6691,1.2696,-3.0236,17.8489,-1.1965,-0.8605,-0.221,-0.382,-0.9857,I,1.39
25-1112,"Law Teachers, Postsecondary",25,1.0,14830.0,14570.0,22800.0,20060.0,108860.0,128500.0,35.2664,-1.7532,56.4859,-12.0175,18.0415,-2.2982,-1.2117,0.3091,-0.9809,-0.9308,I,1.3564
25-1113,"Social Work Teachers, Postsecondary",25,1.0,12050.0,11730.0,13350.0,12610.0,66510.0,77570.0,4.6473,-2.6556,13.8107,-5.5431,16.6291,-1.7656,0.2979,0.272,-0.5272,-0.67,I,1.3473
25-1121,"Art, Drama, and Music Teachers, Postsecondary",25,1.0,97830.0,101500.0,97890.0,93560.0,77280.0,78620.0,-4.3647,3.7514,-3.5567,-4.4233,1.734,-1.1042,0.6473,-0.5694,-0.4226,-0.8254,I,0.7583
25-1122,"Communications Teachers, Postsecondary",25,1.0,27350.0,28520.0,29260.0,29420.0,76250.0,78580.0,7.5686,4.2779,2.5947,0.5468,3.0557,-1.6828,0.1535,-0.2354,-0.1709,0.3,II,1.3474
25-1123,"English Language and Literature Teachers, Postsecondary",25,1.0,57680.0,57600.0,59590.0,57720.0,74280.0,78760.0,0.0693,-0.1387,3.4549,-3.1381,6.0312,-1.3587,-0.2554,0.3054,-1.0138,-1.639,I,1.4178
25-1124,"Foreign Language and Literature Teachers, Postsecondary",25,1.0,19520.0,20820.0,21170.0,19830.0,76030.0,79350.0,1.5881,6.6598,1.6811,-6.3297,4.3667,-1.4786,-0.9807,-0.6909,-1.5226,-2.2427,I,1.3341
25-1125,"History Teachers, Postsecondary",25,1.0,18250.0,20610.0,19860.0,18790.0,79400.0,83820.0,2.9589,12.9315,-3.639,-5.3877,5.5668,-1.6826,-0.7717,0.5651,-1.1162,-1.1234,I,1.4375
25-1126,"Philosophy and Religion Teachers, Postsecondary",25,1.0,21620.0,20320.0,20840.0,20460.0,78780.0,80260.0,-5.3654,-6.013,2.5591,-1.8234,1.8786,-1.2416,-0.9225,-0.0553,-0.9633,-0.3314,I,1.3635
25-1193,"Recreation and Fitness Studies Teachers, Postsecondary",25,1.0,13400.0,13270.0,12680.0,12630.0,72650.0,77270.0,-5.7463,-0.9701,-4.4461,-0.3943,6.3593,-1.4539,0.1991,-0.0002,0.5364,-0.6932,III,1.1649
25-1194,"Career/Technical Education Teachers, Postsecondary",25,1.0,103100.0,111180.0,111150.0,114110.0,59840.0,63820.0,10.679,7.8371,-0.027,2.6631,6.6511,-0.5242,0.4764,-0.64,-0.4761,-0.0115,II,0.1622
25-2011,"Preschool Teachers, Except Special Education",25,1.0,415360.0,430240.0,445080.0,478780.0,35330.0,38140.0,15.2687,3.5824,3.4492,7.5717,7.9536,0.652,0.2998,-1.7022,-0.4032,-0.5938,I,0.0306
25-2012,"Kindergarten Teachers, Except Special Education",25,1.0,119250.0,118580.0,114410.0,108870.0,60490.0,62680.0,-8.7044,-0.5618,-3.5166,-4.8422,3.6204,-0.0048,1.4305,-0.5243,0.6879,-0.1466,III,0.3644
25-2021,"Elementary School Teachers, Except Special Education",25,1.0,1394200.0,1410070.0,1393310.0,1388390.0,61690.0,63970.0,-0.4167,1.1383,-1.1886,-0.3531,3.6959,0.0272,1.4961,0.1607,1.3673,-0.4357,III,0.8869
25-2022,"Middle School Teachers, Except Special and Career/Technical Education",25,1.0,611120.0,626690.0,620370.0,620090.0,61810.0,64370.0,1.4678,2.5478,-1.0085,-0.0451,4.1417,-0.672,1.008,0.1386,0.7514,-1.6299,III,1.2864
25-2023,"Career/Technical Education Teachers, Middle School",25,1.0,11110.0,12210.0,14200.0,16870.0,62630.0,65030.0,51.8452,9.901,16.2981,18.8028,3.832,-0.6055,1.0949,-0.0288,0.7384,0.2542,IV,0.5199
25-2031,"Secondary School Teachers, Except Special and Career/Technical Education",25,1.0,1042090.0,1045170.0,1072540.0,1065210.0,62360.0,72040.0,2.2186,0.2956,2.6187,-0.6834,15.5228,-0.4797,0.9988,0.3501,0.0691,-0.4789,I,1.1913
25-2032,"Career/Technical Education Teachers, Secondary School",25,1.0,88280.0,90070.0,104450.0,111420.0,62500.0,66270.0,26.2121,2.0276,15.9654,6.673,6.032,0.1244,1.7773,0.738,0.1538,-0.3187,III,0.3735
25-2051,"Special Education Teachers, Preschool",25,1.0,22970.0,24850.0,28200.0,29510.0,62240.0,64830.0,28.4719,8.1846,13.4809,4.6454,4.1613,0.2462,0.9507,-0.2831,1.0767,0.4575,IV,0.3751
25-3011,"Adult Basic Education, Adult Secondary Education, and English as a Second Language Instructors",25,1.0,36490.0,36890.0,36260.0,37310.0,58590.0,61540.0,2.2472,1.0962,-1.7078,2.8958,5.035,-0.5918,-0.2123,-0.8123,-0.9945,-0.9849,I,1.349
25-3021,Self-Enrichment Teachers,25,1.0,248150.0,272110.0,308520.0,332110.0,44110.0,46800.0,33.8344,9.6555,13.3806,7.6462,6.0984,-1.0798,0.1462,-1.878,-0.765,-0.2027,I,0.5264
25-4012,Curators,25,1.0,11620.0,12510.0,12280.0,12150.0,60380.0,63420.0,4.5611,7.6592,-1.8385,-1.0586,5.0348,-1.3136,-0.1147,0.3102,-0.4384,-0.5599,I,0.7367
25-4031,Library Technicians,25,1.0,73330.0,76670.0,73770.0,68690.0,37600.0,44580.0,-6.3276,4.5548,-3.7824,-6.8863,18.5638,0.4502,-1.3879,-2.0303,-0.3285,-1.1444,I,0.038
25-9031,Instructional Coordinators,25,1.0,198660.0,207270.0,210850.0,227760.0,66490.0,77440.0,14.6481,4.334,1.7272,8.0199,16.4686,-0.0554,1.1185,0.9173,0.8476,-1.0422,III,1.3019
27-1011,Art Directors,27,1.0,54470.0,51200.0,50370.0,53070.0,105180.0,114850.0,-2.5702,-6.0033,-1.6211,5.3603,9.1938,0.0567,0.3396,-0.5564,1.5915,-0.685,III,1.0225
27-1013,"Fine Artists, Including Painters, Sculptors, and Illustrators",27,1.0,12080.0,10910.0,10000.0,11220.0,57560.0,55490.0,-7.1192,-9.6854,-8.341,12.2,-3.5962,-1.3057,-2.1209,-2.3134,-3.9014,0.0281,II,-0.569
27-1014,Special Effects Artists and Animators,27,1.0,35990.0,29940.0,21280.0,19970.0,98950.0,102030.0,-44.5124,-16.8102,-28.9245,-6.156,3.1127,0.2073,-0.8857,-0.2395,0.7728,2.8413,IV,0.7059
27-1021,Commercial and Industrial Designers,27,1.0,30450.0,30810.0,30250.0,33490.0,75910.0,83910.0,9.9836,1.1823,-1.8176,10.7107,10.5388,1.2759,-0.4208,-0.4115,1.1315,0.4467,IV,0.867
27-1022,Fashion Designers,27,1.0,20560.0,19940.0,20910.0,21450.0,76700.0,80960.0,4.3288,-3.0156,4.8646,2.5825,5.5541,1.107,1.1403,-0.6477,-1.8538,-0.7376,I,0.5802
27-1023,Floral Designers,27,1.0,42840.0,43350.0,40160.0,40590.0,33160.0,37360.0,-5.2521,1.1905,-7.3587,1.0707,12.6659,-0.829,-0.8289,-2.2353,0.4731,-1.6247,III,-0.2718
27-1024,Graphic Designers,27,1.0,211890.0,212720.0,214260.0,197830.0,57990.0,62960.0,-6.6355,0.3917,0.724,-7.6683,8.5704,0.3899,0.0807,-1.2733,0.1102,-0.2207,III,0.7157
27-1025,Interior Designers,27,1.0,64290.0,67760.0,69580.0,71500.0,61590.0,67190.0,11.2148,5.3974,2.686,2.7594,9.0924,0.4294,1.4361,-0.4167,0.7454,-0.1312,III,1.1217
27-2012,Producers and Directors,27,1.0,153770.0,154470.0,145270.0,143120.0,85320.0,90360.0,-6.9259,0.4552,-5.9558,-1.48,5.9072,-0.2439,0.6912,-0.1274,1.1048,0.3944,IV,0.9388
27-2021,Athletes and Sports Competitors,27,1.0,11930.0,14930.0,14370.0,15070.0,94270.0,66710.0,26.3202,25.1467,-3.7508,4.8713,-29.2352,0.4853,0.1292,-1.1335,0.3423,0.1128,IV,-1.8143
27-2022,Coaches and Scouts,27,1.0,218970.0,238980.0,250940.0,248950.0,44890.0,47320.0,13.6914,9.1382,5.0046,-0.793,5.4132,-0.3235,1.6596,-0.0385,0.2673,-0.7784,III,0.1169
27-2041,Music Directors and Composers,27,1.0,11690.0,10770.0,12330.0,12540.0,62940.0,73710.0,7.2712,-7.87,14.4847,1.7032,17.1115,-0.9248,0.3955,-0.9386,-0.3419,0.4975,II,0.883
27-3031,Public Relations Specialists,27,1.0,264750.0,275550.0,280590.0,283380.0,67440.0,74750.0,7.0368,4.0793,1.8291,0.9943,10.8393,0.2131,1.1155,-0.4352,1.2357,0.1743,IV,1.2849
27-3041,Editors,27,1.0,101430.0,95700.0,95480.0,91690.0,73080.0,77920.0,-9.6027,-5.6492,-0.2299,-3.9694,6.6229,0.5714,-0.2192,0.4159,1.5245,-0.1513,III,1.1282
27-3042,Technical Writers,27,1.0,48620.0,47970.0,55530.0,45500.0,79960.0,90390.0,-6.4171,-1.3369,15.7598,-18.0623,13.044,1.2922,-0.8474,0.2278,0.1231,2.4175,IV,1.184
27-3043,Writers and Authors,27,1.0,54010.0,49450.0,47800.0,47940.0,73150.0,76910.0,-11.2387,-8.4429,-3.3367,0.2929,5.1401,0.2675,-1.369,-1.0136,-2.4744,-1.1792,I,0.9879
27-4011,Audio and Video Technicians,27,1.0,56110.0,66700.0,70080.0,70230.0,50660.0,58100.0,25.1649,18.8736,5.0675,0.214,14.6861,0.506,-0.8317,-0.6557,0.1395,2.1188,IV,-0.0118
27-4012,Broadcast Technicians,27,1.0,33020.0,26190.0,21080.0,21110.0,60700.0,59570.0,-36.069,-20.6844,-19.5113,0.1423,-1.8616,0.6426,-0.5619,-0.9983,0.5008,0.6682,IV,0.1222
27-4014,Sound Engineering Technicians,27,1.0,13420.0,14600.0,13050.0,13080.0,60670.0,73130.0,-2.5335,8.7928,-10.6164,0.2299,20.5373,0.4812,0.4006,-1.3772,-0.4742,2.0469,II,0.4715
27-4021,Photographers,27,1.0,47380.0,53630.0,51230.0,51760.0,40170.0,44660.0,9.2444,13.1912,-4.4751,1.0346,11.1775,0.0467,0.5484,-1.8701,-0.7076,-0.2149,I,-0.1681
27-4032,Film and Video Editors,27,1.0,32080.0,29240.0,28860.0,25610.0,63520.0,75420.0,-20.1683,-8.8529,-1.2996,-11.2613,18.7343,0.75,-0.7056,-0.7125,0.3499,1.8898,IV,0.9857
29-1125,Recreational Therapists,29,1.0,15920.0,15540.0,15060.0,14930.0,51330.0,61960.0,-6.2186,-2.3869,-3.0888,-0.8632,20.7091,-0.5971,1.4816,-0.4356,0.675,-1.2034,III,0.219
29-1127,Speech-Language Pathologists,29,1.0,162760.0,172100.0,178790.0,183390.0,84140.0,97870.0,12.6751,5.7385,3.8873,2.5729,16.318,-1.3287,0.8073,0.9448,2.2514,-0.1549,III,1.1463
29-9091,Athletic Trainers,29,1.0,29720.0,28480.0,28950.0,30500.0,53840.0,62520.0,2.6245,-4.1723,1.6503,5.3541,16.1218,0.1138,-0.4014,-0.3758,1.5359,2.3408,IV,-0.3311
31-9094,Medical Transcriptionists,31,1.0,48680.0,52420.0,43070.0,41550.0,34730.0,40410.0,-14.6467,7.6828,-17.8367,-3.5291,16.3547,1.1184,-1.8183,-0.6835,0.8452,-0.5953,III,1.0626
31-9099,"Healthcare Support Workers, All Other",31,1.0,107170.0,102230.0,103650.0,109740.0,40420.0,48430.0,2.3981,-4.6095,1.389,5.8755,19.8169,1.3379,-0.36,-0.8254,0.5892,-0.602,III,0.166
33-3021,Detectives and Criminal Investigators,33,1.0,107400.0,106730.0,110790.0,114430.0,86280.0,93790.0,6.5456,-0.6238,3.804,3.2855,8.7042,-0.2011,0.5691,0.8415,-0.0694,1.0929,II,0.2258
33-9021,Private Detectives and Investigators,33,1.0,32050.0,34600.0,38700.0,35580.0,52120.0,51220.0,11.014,7.9563,11.8497,-8.062,-1.7268,-0.5941,0.2311,0.4397,-0.5405,1.23,II,0.7483
33-9031,Gambling Surveillance Officers and Gambling Investigators,33,1.0,10500.0,10660.0,10000.0,9520.0,35970.0,43370.0,-9.3333,1.5238,-6.1914,-4.8,20.5727,0.7779,-0.4374,-0.5869,0.4842,2.595,IV,0.7284
33-9099,"Protective Service Workers, All Other",33,1.0,93840.0,82500.0,83110.0,81500.0,36460.0,42540.0,-13.15,-12.0844,0.7394,-1.9372,16.6758,0.3216,0.0401,-0.2585,0.671,2.5151,IV,0.0764
39-3011,Gambling Dealers,39,1.0,71290.0,80570.0,82980.0,83910.0,29120.0,34320.0,17.7023,13.0173,2.9912,1.1208,17.8571,4.1428,-0.7876,-2.7288,-0.4288,-0.4135,I,0.0606
39-3031,"Ushers, Lobby Attendants, and Ticket Takers",39,1.0,98350.0,117560.0,119210.0,121770.0,27650.0,32910.0,23.8129,19.5323,1.4035,2.1475,19.0235,2.1105,-0.8709,-3.1796,-0.8428,1.4384,II,-0.2421
39-9011,Childcare Workers,39,1.0,459460.0,497450.0,520180.0,518910.0,28520.0,34980.0,12.9391,8.2684,4.5693,-0.2441,22.6508,-0.4623,0.1645,-2.0377,-0.6537,-0.1619,I,-0.3835
39-9032,Recreation Workers,39,1.0,270380.0,281750.0,309640.0,331490.0,31680.0,36560.0,22.6015,4.2052,9.8988,7.0566,15.404,0.0307,1.1665,-1.1916,0.1965,-0.9819,III,-0.2441
39-9041,Residential Advisors,39,1.0,86770.0,88700.0,82810.0,84760.0,35720.0,42240.0,-2.3165,2.2243,-6.6404,2.3548,18.2531,0.4772,0.9216,-1.3963,-0.0062,-0.1698,I,0.4746
41-1012,First-Line Supervisors of Non-Retail Sales Workers,41,1.0,237520.0,227150.0,219010.0,214390.0,82850.0,87520.0,-9.7381,-4.3659,-3.5835,-2.1095,5.6367,0.4055,1.5311,0.112,1.9656,0.1852,IV,1.3162
41-3021,Insurance Sales Agents,41,1.0,445540.0,457510.0,469480.0,479100.0,57860.0,62280.0,7.5324,2.6866,2.6163,2.0491,7.6391,0.7435,0.1998,-0.7005,1.3787,-0.5301,III,1.3413
41-3031,"Securities, Commodities, and Financial Services Sales Agents",41,1.0,443220.0,479630.0,472300.0,489570.0,67480.0,78660.0,10.4576,8.2149,-1.5283,3.6566,16.5679,-0.4846,0.3745,-0.0594,0.7009,0.4204,IV,1.2563
41-4011,"Sales Representatives, Wholesale and Manufacturing, Technical and Scientific Products",41,1.0,290830.0,311780.0,293930.0,284800.0,97710.0,104920.0,-2.0734,7.2035,-5.7252,-3.1062,7.379,-0.6675,0.4622,-0.9755,0.229,-1.4485,III,0.8912
41-4012,"Sales Representatives, Wholesale and Manufacturing, Except Technical and Scientific Products",41,1.0,1273400.0,1288920.0,1266860.0,1238190.0,63230.0,72080.0,-2.765,1.2188,-1.7115,-2.2631,13.9965,-0.7322,1.1908,-1.1018,1.6437,-1.0842,III,0.8225
41-9021,Real Estate Brokers,41,1.0,52310.0,51350.0,49590.0,46100.0,62190.0,73220.0,-11.8715,-1.8352,-3.4275,-7.0377,17.736,-1.6504,0.897,-0.4269,1.0789,0.3466,IV,1.1497
41-9031,Sales Engineers,41,1.0,59700.0,59340.0,56690.0,51790.0,108530.0,124900.0,-13.2496,-0.603,-4.4658,-8.6435,15.0834,-0.7568,0.7661,0.4663,0.6724,0.2326,IV,1.1454
41-9041,Telemarketers,41,1.0,96520.0,81580.0,66430.0,58430.0,31030.0,35450.0,-39.4633,-15.4787,-18.5707,-12.0428,14.2443,2.1366,0.1862,-2.1325,-1.4412,-0.1745,I,1.1181
43-1011,First-Line Supervisors of Office and Administrative Support Workers,43,1.0,1495440.0,1504570.0,1495580.0,1436680.0,61370.0,69500.0,-3.9293,0.6105,-0.5975,-3.9383,13.2475,-0.1901,1.5514,0.3009,1.1476,-0.0956,III,1.0387
43-2011,"Switchboard Operators, Including Answering Service",43,1.0,47430.0,43830.0,35730.0,34280.0,34670.0,38630.0,-27.7251,-7.5901,-18.4805,-4.0582,11.422,1.4541,-1.1499,-2.1973,0.6648,-0.3607,III,0.9833
43-3011,Bill and Account Collectors,43,1.0,202840.0,190910.0,165020.0,158830.0,39470.0,47030.0,-21.6969,-5.8815,-13.5614,-3.7511,19.1538,2.6012,-0.1863,-1.6358,-0.4111,-0.3022,I,1.272
43-3021,Billing and Posting Clerks,43,1.0,441980.0,430220.0,417500.0,404060.0,42810.0,48500.0,-8.5796,-2.6608,-2.9566,-3.2192,13.2913,0.7541,-1.7655,-0.6694,-0.6721,-1.0834,I,1.3335
43-3031,"Bookkeeping, Accounting, and Auditing Clerks",43,1.0,1550750.0,1501910.0,1455770.0,1373680.0,45860.0,50670.0,-11.4183,-3.1494,-3.0721,-5.6389,10.4884,1.7487,-1.211,-0.5936,0.0358,0.1218,II,1.0397
43-3051,Payroll and Timekeeping Clerks,43,1.0,159190.0,157230.0,156950.0,153140.0,49630.0,58260.0,-3.8005,-1.2312,-0.1781,-2.4275,17.3887,2.1727,-1.435,-0.1953,0.4033,-0.5203,III,1.2576
43-3061,Procurement Clerks,43,1.0,63340.0,61580.0,59900.0,55810.0,45240.0,50580.0,-11.8882,-2.7787,-2.7282,-6.828,11.8037,0.395,0.3585,0.1383,0.103,-0.167,I,1.4878
43-4011,Brokerage Clerks,43,1.0,42700.0,48060.0,40090.0,35940.0,54680.0,65750.0,-15.8314,12.5527,-16.5834,-10.3517,20.2451,1.1656,-0.6257,-0.3944,1.245,-0.0626,III,1.1449
43-4031,"Court, Municipal, and License Clerks",43,1.0,159760.0,157960.0,170010.0,179750.0,44140.0,48700.0,12.5125,-1.1267,7.6285,5.7291,10.3308,0.8919,-0.8261,-0.7296,0.649,-1.0502,III,1.1663
43-4051,Customer Service Representatives,43,1.0,2879840.0,2858710.0,2725930.0,2595750.0,37780.0,44770.0,-9.8648,-0.7337,-4.6448,-4.7756,18.5019,2.8982,-0.0309,-0.7391,-0.0202,-0.9158,I,0.9563
43-4071,File Clerks,43,1.0,87250.0,82290.0,78980.0,73440.0,37290.0,43600.0,-15.8281,-5.6848,-4.0224,-7.0144,16.9214,1.8011,-0.6087,0.0799,0.3149,-0.9404,III,0.284
43-4111,"Interviewers, Except Eligibility and Loan",43,1.0,168680.0,160550.0,157310.0,148060.0,38700.0,45920.0,-12.2243,-4.8198,-2.0181,-5.8801,18.6563,1.7722,0.2797,-0.5406,1.7329,0.5317,IV,1.297
43-4151,Order Clerks,43,1.0,113500.0,91830.0,83420.0,75200.0,38060.0,46170.0,-33.7445,-19.0925,-9.1582,-9.8538,21.3085,0.3096,-0.2979,-0.5098,-0.0079,-2.2022,I,0.8389
43-4161,"Human Resources Assistants, Except Payroll and Timekeeping",43,1.0,103680.0,101440.0,92580.0,90220.0,45930.0,50610.0,-12.9823,-2.1605,-8.7342,-2.5491,10.1894,0.8406,-0.0887,-0.5741,0.8593,-0.4648,III,1.3531
43-5011,Cargo and Freight Agents,43,1.0,93480.0,105220.0,97800.0,97670.0,46860.0,52260.0,4.4822,12.5588,-7.0519,-0.1329,11.5237,0.7986,0.2067,-0.8766,0.533,0.1142,IV,1.4054
43-5021,Couriers and Messengers,43,1.0,75800.0,72010.0,71920.0,68640.0,35280.0,39200.0,-9.4459,-5.0,-0.125,-4.5606,11.1111,-0.4857,-2.2877,-2.0373,0.8158,2.059,IV,-0.9591
43-5032,"Dispatchers, Except Police, Fire, and Ambulance",43,1.0,206370.0,206090.0,211000.0,202810.0,44830.0,50340.0,-1.7251,-0.1357,2.3825,-3.8815,12.2909,0.2587,0.1916,-0.9556,2.287,1.6455,IV,1.2345
43-6011,Executive Secretaries and Executive Administrative Assistants,43,1.0,475240.0,483570.0,472770.0,459910.0,65980.0,76590.0,-3.2257,1.7528,-2.2334,-2.7201,16.0806,-0.3093,-0.2153,-0.5096,0.4107,-1.8074,III,1.0796
43-6012,Legal Secretaries and Administrative Assistants,43,1.0,159940.0,152790.0,154540.0,156280.0,48780.0,55570.0,-2.2884,-4.4704,1.1454,1.1259,13.9196,1.61,-1.0923,-0.6211,-0.8666,-1.1381,I,1.0145
43-6013,Medical Secretaries and Administrative Assistants,43,1.0,682630.0,749500.0,830760.0,961610.0,38500.0,45930.0,40.8684,9.7959,10.8419,15.7506,19.2987,1.3763,-0.9992,-0.837,0.678,-0.7514,III,1.218
43-6014,"Secretaries and Administrative Assistants, Except Legal, Medical, and Executive",43,1.0,1826710.0,1785430.0,1737820.0,1706790.0,41000.0,47540.0,-6.5648,-2.2598,-2.6666,-1.7856,15.9512,0.9562,-1.2316,-0.8392,0.821,-1.7917,III,1.0991
43-9021,Data Entry Keyers,43,1.0,157380.0,154230.0,135280.0,127080.0,36190.0,41340.0,-19.2528,-2.0015,-12.2868,-6.0615,14.2305,0.4757,-1.4844,-0.7379,-0.2693,1.4801,II,0.3108
43-9022,Word Processors and Typists,43,1.0,41990.0,37200.0,36030.0,35010.0,44330.0,49280.0,-16.623,-11.4075,-3.1452,-2.831,11.1663,1.288,-1.3619,-1.4489,-0.3273,-1.9193,I,0.622
43-9041,Insurance Claims and Policy Processing Clerks,43,1.0,227580.0,241650.0,229070.0,214260.0,46080.0,49230.0,-5.8529,6.1824,-5.2059,-6.4653,6.8359,1.2339,-0.8681,-0.7434,-0.6645,-1.4006,I,1.2402
43-9051,"Mail Clerks and Mail Machine Operators, Except Postal Service",43,1.0,67750.0,66600.0,62730.0,55230.0,35070.0,39280.0,-18.4797,-1.6974,-5.8108,-11.956,12.0046,0.5254,-1.758,-2.092,1.0057,0.211,IV,-0.8185
43-9061,"Office Clerks, General",43,1.0,2517350.0,2496370.0,2510550.0,2464940.0,38040.0,45010.0,-2.082,-0.8334,0.568,-1.8167,18.3228,2.1062,-1.1386,-1.1127,0.153,-1.1628,III,0.9889
43-9071,"Office Machine Operators, Except Computer",43,1.0,30410.0,27960.0,24740.0,25130.0,36710.0,40960.0,-17.3627,-8.0566,-11.5165,1.5764,11.5772,1.6357,-1.4415,-1.7482,-1.3479,0.1679,II,-0.5171
45-1011,"First-Line Supervisors of Farming, Fishing, and Forestry Workers",45,1.0,27670.0,27150.0,29530.0,27960.0,54490.0,59320.0,1.0481,-1.8793,8.7661,-5.3166,8.864,-0.3759,0.6334,-1.1356,0.3205,2.0056,IV,-0.4792
49-9091,"Coin, Vending, and Amusement Machine Servicers and Repairers",49,1.0,35790.0,36100.0,28260.0,26410.0,39690.0,47450.0,-26.2084,0.8662,-21.7175,-6.5464,19.5515,0.0112,-2.216,-2.0201,-2.6586,1.4311,II,-0.7234
51-5111,Prepress Technicians and Workers,51,1.0,25250.0,23590.0,23070.0,23840.0,43560.0,48690.0,-5.5842,-6.5743,-2.2043,3.3377,11.7769,0.9373,-0.5731,-1.7516,0.1033,0.7625,II,0.4108
51-9071,Jewelers and Precious Stone and Metal Workers,51,1.0,26280.0,24060.0,23420.0,22440.0,47140.0,52540.0,-14.6119,-8.4475,-2.66,-4.1845,11.4552,1.2314,-0.7488,-2.4053,0.6437,-0.2854,III,-0.156
51-9083,Ophthalmic Laboratory Technicians,51,1.0,20200.0,18240.0,18740.0,18660.0,36810.0,39460.0,-7.6238,-9.703,2.7412,-0.4269,7.1991,0.5736,-1.4064,-1.9538,-0.7107,-1.3522,I,-0.5967
51-9123,"Painting, Coating, and Decorating Workers",51,1.0,11990.0,10700.0,8470.0,7940.0,38270.0,41600.0,-33.7781,-10.759,-20.8411,-6.2574,8.7013,0.4302,-2.2771,-2.7555,-1.6472,-1.8428,I,-0.9706
53-2021,Air Traffic Controllers,53,1.0,21250.0,22310.0,22400.0,22510.0,132250.0,148080.0,5.9294,4.9882,0.4034,0.4911,11.9698,1.0277,0.8126,0.9606,0.6949,2.8932,IV,1.1528
